#1983,,
#Match15,,
0.36,10.00,1569701066.2
0.36,10.01,1569701066.3
0.37,10.03,1569701066.4
0.41,10.01,1569701066.5
0.44,10.05,1569701066.6
0.45,10.06,1569701066.7
0.45,10.07,1569701066.8
0.46,10.04,1569701066.9
0.46,10.02,1569701067.0
0.43,10.03,1569701067.1
0.43,10.02,1569701067.2
0.44,10.01,1569701067.3
0.47,9.99,1569701067.4
0.46,10.02,1569701067.5
0.49,9.99,1569701067.6
0.46,9.99,1569701067.7
0.46,9.95,1569701067.8
0.47,9.93,1569701067.9
0.45,9.95,1569701068.0
0.45,9.94,1569701068.1
0.44,9.92,1569701068.2
0.50,9.88,1569701068.3
0.61,9.88,1569701068.4
0.82,9.88,1569701068.5
1.29,9.86,1569701068.6
1.74,9.81,1569701068.7
2.33,9.82,1569701068.8
2.90,9.87,1569701068.9
3.48,9.91,1569701069.0
4.02,9.85,1569701069.1
4.22,9.67,1569701069.2
4.70,9.57,1569701069.3
5.22,9.52,1569701069.4
5.89,9.39,1569701069.5
6.50,9.03,1569701069.6
7.16,8.90,1569701069.7
8.04,8.86,1569701069.8
8.84,8.72,1569701069.9
9.20,8.35,1569701070.0
9.48,8.15,1569701070.1
10.18,8.26,1569701070.2
10.95,8.12,1569701070.3
11.71,8.02,1569701070.4
12.27,7.99,1569701070.5
13.28,8.14,1569701070.6
14.43,8.16,1569701070.7
15.23,8.05,1569701070.8
15.97,8.03,1569701070.9
16.75,7.99,1569701071.0
17.65,7.90,1569701071.1
18.39,7.77,1569701071.2
18.99,7.58,1569701071.3
19.52,7.48,1569701071.4
19.87,7.37,1569701071.5
20.04,7.23,1569701071.6
20.15,7.14,1569701071.7
20.20,7.02,1569701071.8
20.19,6.92,1569701071.9
20.16,6.80,1569701072.0
20.18,6.69,1569701072.1
20.24,6.59,1569701072.2
20.27,6.51,1569701072.3
20.29,6.51,1569701072.4
20.18,6.51,1569701072.5
20.13,6.58,1569701072.6
20.17,6.63,1569701072.7
20.22,6.69,1569701072.8
20.25,6.71,1569701072.9
20.25,6.69,1569701073.0
20.35,6.71,1569701073.1
20.45,6.70,1569701073.2
20.50,6.73,1569701073.3
20.55,6.77,1569701073.4
20.63,6.80,1569701073.5
20.76,6.80,1569701073.6
20.93,6.79,1569701073.7
21.06,6.78,1569701073.8
21.15,6.79,1569701073.9
21.21,6.84,1569701074.0
21.24,6.94,1569701074.1
21.22,7.05,1569701074.2
21.19,7.20,1569701074.3
21.07,7.42,1569701074.4
20.92,7.63,1569701074.5
20.92,7.69,1569701074.6
20.92,7.73,1569701074.7
20.96,7.80,1569701074.8
21.00,7.81,1569701074.9
21.12,7.76,1569701075.0
21.25,7.71,1569701075.1
21.25,7.77,1569701075.2
21.24,7.81,1569701075.3
21.22,7.83,1569701075.4
21.19,7.84,1569701075.5
21.10,7.90,1569701075.6
21.00,7.93,1569701075.7
20.93,7.95,1569701075.8
20.75,8.10,1569701075.9
20.59,8.31,1569701076.0
20.48,8.58,1569701076.1
20.49,8.74,1569701076.2
20.49,9.00,1569701076.3
20.51,9.24,1569701076.4
20.65,9.36,1569701076.5
20.75,9.37,1569701076.6
20.82,9.37,1569701076.7
20.80,9.43,1569701076.8
20.84,9.37,1569701076.9
20.74,9.34,1569701077.0
20.78,9.15,1569701077.1
20.80,8.99,1569701077.2
20.82,8.72,1569701077.3
20.83,8.31,1569701077.4
20.93,7.68,1569701077.5
21.16,6.86,1569701077.6
21.26,6.08,1569701077.7
21.39,5.41,1569701077.8
21.59,4.88,1569701077.9
21.83,4.44,1569701078.0
22.02,4.27,1569701078.1
22.30,4.28,1569701078.2
22.45,4.48,1569701078.3
22.55,4.62,1569701078.4
22.62,4.68,1569701078.5
22.68,4.76,1569701078.6
22.70,4.82,1569701078.7
22.61,4.86,1569701078.8
22.59,4.82,1569701078.9
22.51,4.80,1569701079.0
22.34,4.76,1569701079.1
22.08,4.69,1569701079.2
21.73,4.60,1569701079.3
21.25,4.52,1569701079.4
20.69,4.45,1569701079.5
20.13,4.34,1569701079.6
19.53,4.26,1569701079.7
18.88,4.22,1569701079.8
18.15,4.21,1569701079.9
17.39,4.20,1569701080.0
16.59,4.15,1569701080.1
15.75,4.04,1569701080.2
14.89,3.86,1569701080.3
13.96,3.69,1569701080.4
13.02,3.52,1569701080.5
12.13,3.30,1569701080.6
11.32,3.04,1569701080.7
10.59,2.82,1569701080.8
9.89,2.65,1569701080.9
9.25,2.44,1569701081.0
8.67,2.21,1569701081.1
8.08,2.03,1569701081.2
7.46,1.91,1569701081.3
6.81,1.80,1569701081.4
6.19,1.65,1569701081.5
5.61,1.48,1569701081.6
5.01,1.36,1569701081.7
4.40,1.29,1569701081.8
3.76,1.27,1569701081.9
3.17,1.29,1569701082.0
2.59,1.38,1569701082.1
2.06,1.47,1569701082.2
1.62,1.54,1569701082.3
1.29,1.59,1569701082.4
1.08,1.61,1569701082.5
0.88,1.61,1569701082.6
0.71,1.59,1569701082.7
0.63,1.60,1569701082.8
0.52,1.62,1569701082.9
0.48,1.63,1569701083.0
0.42,1.65,1569701083.1
0.37,1.64,1569701083.2
0.36,1.65,1569701083.3
0.28,1.66,1569701083.4
0.25,1.66,1569701083.5
0.18,1.67,1569701083.6
0.13,1.67,1569701083.7
0.12,1.69,1569701083.8
0.11,1.68,1569701083.9
0.09,1.66,1569701084.0
0.10,1.64,1569701084.1
0.14,1.62,1569701084.2
0.21,1.61,1569701084.3
0.30,1.57,1569701084.4
0.59,1.57,1569701084.5
0.98,1.61,1569701084.6
1.55,1.63,1569701084.7
2.26,1.67,1569701084.8
3.06,1.64,1569701084.9
4.00,1.63,1569701085.0
4.88,1.61,1569701085.1
5.87,1.66,1569701085.2
6.87,1.77,1569701085.3
7.87,1.95,1569701085.4
8.70,2.19,1569701085.5
9.33,2.47,1569701085.6
9.96,3.00,1569701085.7
10.45,3.53,1569701085.8
10.75,4.04,1569701085.9
10.91,4.46,1569701086.0
11.10,4.95,1569701086.1
11.34,5.32,1569701086.2
11.49,5.43,1569701086.3
11.55,5.37,1569701086.4
11.72,5.21,1569701086.5
11.87,5.00,1569701086.6
11.97,4.66,1569701086.7
12.13,4.33,1569701086.8
12.11,4.04,1569701086.9
12.15,3.84,1569701087.0
11.97,3.70,1569701087.1
11.84,3.55,1569701087.2
11.87,3.46,1569701087.3
11.89,3.44,1569701087.4
12.12,3.43,1569701087.5
12.38,3.38,1569701087.6
12.70,3.31,1569701087.7
13.06,3.27,1569701087.8
13.24,3.19,1569701087.9
13.41,3.08,1569701088.0
13.59,2.91,1569701088.1
13.73,2.74,1569701088.2
13.89,2.61,1569701088.3
14.01,2.48,1569701088.4
14.33,2.39,1569701088.5
14.62,2.33,1569701088.6
14.69,2.38,1569701088.7
14.65,2.45,1569701088.8
14.75,2.42,1569701088.9
14.77,2.47,1569701089.0
14.70,2.47,1569701089.1
14.63,2.54,1569701089.2
14.66,2.47,1569701089.3
14.74,2.40,1569701089.4
14.75,2.39,1569701089.5
14.80,2.38,1569701089.6
14.87,2.42,1569701089.7
14.90,2.41,1569701089.8
14.98,2.41,1569701089.9
15.02,2.43,1569701090.0
15.05,2.44,1569701090.1
15.03,2.47,1569701090.2
15.01,2.44,1569701090.3
15.00,2.44,1569701090.4
14.97,2.44,1569701090.5
15.05,2.45,1569701090.6
15.11,2.43,1569701090.7
15.15,2.36,1569701090.8
15.13,2.37,1569701090.9
15.16,2.30,1569701091.0
15.19,2.31,1569701091.1
15.05,2.31,1569701091.2
14.82,2.37,1569701091.3
14.56,2.53,1569701091.4
14.21,2.73,1569701091.5
13.77,2.96,1569701091.6
13.30,3.20,1569701091.7
12.91,3.48,1569701091.8
12.64,3.70,1569701091.9
12.47,3.83,1569701092.0
12.31,3.91,1569701092.1
12.30,3.99,1569701092.2
12.28,3.95,1569701092.3
12.35,3.96,1569701092.4
12.46,3.91,1569701092.5
12.56,3.87,1569701092.6
12.70,3.78,1569701092.7
12.76,3.69,1569701092.8
12.88,3.64,1569701092.9
12.74,3.51,1569701093.0
12.53,3.46,1569701093.1
12.14,3.38,1569701093.2
11.75,3.27,1569701093.3
11.30,3.16,1569701093.4
10.64,3.02,1569701093.5
10.03,2.80,1569701093.6
9.31,2.61,1569701093.7
8.77,2.45,1569701093.8
8.14,2.31,1569701093.9
7.40,2.20,1569701094.0
6.66,2.10,1569701094.1
5.85,2.01,1569701094.2
5.09,1.97,1569701094.3
4.22,1.90,1569701094.4
3.38,1.78,1569701094.5
2.60,1.65,1569701094.6
1.96,1.64,1569701094.7
1.54,1.63,1569701094.8
1.12,1.58,1569701094.9
0.82,1.53,1569701095.0
0.65,1.55,1569701095.1
0.56,1.54,1569701095.2
0.57,1.46,1569701095.3
0.56,1.40,1569701095.4
0.64,1.35,1569701095.5
0.71,1.31,1569701095.6
0.80,1.26,1569701095.7
0.91,1.23,1569701095.8
1.03,1.19,1569701095.9
1.17,1.15,1569701096.0
1.31,1.12,1569701096.1
1.46,1.09,1569701096.2
1.62,1.06,1569701096.3
1.79,1.04,1569701096.4
1.95,1.01,1569701096.5
2.20,1.03,1569701096.6
2.57,1.09,1569701096.7
3.06,1.19,1569701096.8
3.67,1.36,1569701096.9
4.42,1.60,1569701097.0
5.35,1.86,1569701097.1
6.31,2.15,1569701097.2
7.25,2.51,1569701097.3
8.11,2.96,1569701097.4
9.07,3.37,1569701097.5
10.06,3.70,1569701097.6
11.03,4.02,1569701097.7
12.02,4.32,1569701097.8
13.10,4.52,1569701097.9
14.26,4.58,1569701098.0
15.35,4.64,1569701098.1
16.41,4.69,1569701098.2
17.45,4.67,1569701098.3
18.55,4.57,1569701098.4
19.61,4.44,1569701098.5
20.67,4.29,1569701098.6
21.71,4.09,1569701098.7
22.71,3.87,1569701098.8
23.59,3.70,1569701098.9
24.38,3.53,1569701099.0
25.09,3.40,1569701099.1
25.65,3.33,1569701099.2
25.99,3.33,1569701099.3
26.22,3.35,1569701099.4
26.52,3.31,1569701099.5
26.57,3.28,1569701099.6
26.44,3.26,1569701099.7
26.24,3.22,1569701099.8
26.05,3.12,1569701099.9
25.86,3.02,1569701100.0
25.50,2.96,1569701100.1
25.34,2.85,1569701100.2
25.21,2.72,1569701100.3
25.14,2.54,1569701100.4
25.08,2.36,1569701100.5
24.99,2.18,1569701100.6
24.88,2.03,1569701100.7
24.74,1.91,1569701100.8
24.57,1.83,1569701100.9
24.37,1.78,1569701101.0
24.24,1.78,1569701101.1
24.14,1.78,1569701101.2
24.03,1.79,1569701101.3
23.87,1.81,1569701101.4
23.69,1.86,1569701101.5
23.53,1.85,1569701101.6
23.32,1.82,1569701101.7
23.12,1.80,1569701101.8
22.90,1.80,1569701101.9
22.72,1.84,1569701102.0
22.64,1.84,1569701102.1
22.60,1.92,1569701102.2
22.51,1.99,1569701102.3
22.48,2.05,1569701102.4
22.47,2.08,1569701102.5
22.49,2.09,1569701102.6
22.47,2.11,1569701102.7
22.43,2.11,1569701102.8
22.48,2.10,1569701102.9
22.49,2.11,1569701103.0
22.50,2.11,1569701103.1
22.51,2.13,1569701103.2
22.51,2.14,1569701103.3
22.54,2.13,1569701103.4
22.50,2.12,1569701103.5
22.50,2.12,1569701103.6
22.48,2.12,1569701103.7
22.43,2.09,1569701103.8
22.43,2.07,1569701103.9
22.43,2.07,1569701104.0
22.48,2.12,1569701104.1
22.58,2.16,1569701104.2
22.79,2.24,1569701104.3
23.08,2.38,1569701104.4
23.34,2.46,1569701104.5
23.53,2.54,1569701104.6
23.65,2.62,1569701104.7
23.69,2.64,1569701104.8
23.70,2.64,1569701104.9
23.63,2.51,1569701105.0
23.55,2.43,1569701105.1
23.55,2.33,1569701105.2
23.58,2.26,1569701105.3
23.56,2.25,1569701105.4
23.38,2.29,1569701105.5
23.12,2.46,1569701105.6
22.81,2.75,1569701105.7
22.28,3.03,1569701105.8
21.51,3.29,1569701105.9
20.62,3.63,1569701106.0
19.76,3.98,1569701106.1
18.82,4.23,1569701106.2
17.84,4.36,1569701106.3
16.86,4.56,1569701106.4
15.99,4.65,1569701106.5
15.16,4.58,1569701106.6
14.26,4.35,1569701106.7
13.41,4.07,1569701106.8
12.53,3.76,1569701106.9
11.71,3.23,1569701107.0
10.97,2.74,1569701107.1
10.23,2.33,1569701107.2
9.61,2.02,1569701107.3
9.03,1.76,1569701107.4
8.41,1.57,1569701107.5
7.92,1.52,1569701107.6
7.46,1.52,1569701107.7
7.08,1.51,1569701107.8
6.61,1.54,1569701107.9
6.13,1.59,1569701108.0
5.78,1.61,1569701108.1
5.44,1.63,1569701108.2
5.03,1.66,1569701108.3
4.55,1.63,1569701108.4
4.16,1.59,1569701108.5
3.75,1.49,1569701108.6
3.26,1.44,1569701108.7
2.73,1.43,1569701108.8
2.20,1.41,1569701108.9
1.76,1.43,1569701109.0
1.30,1.42,1569701109.1
0.90,1.46,1569701109.2
0.62,1.47,1569701109.3
0.40,1.46,1569701109.4
0.24,1.45,1569701109.5
0.14,1.45,1569701109.6
0.10,1.45,1569701109.7
0.11,1.46,1569701109.8
0.13,1.48,1569701109.9
0.15,1.50,1569701110.0
0.19,1.53,1569701110.1
0.25,1.54,1569701110.2
0.44,1.52,1569701110.3
0.74,1.54,1569701110.4
1.25,1.54,1569701110.5
1.90,1.54,1569701110.6
2.61,1.58,1569701110.7
3.58,1.74,1569701110.8
4.57,1.96,1569701110.9
5.60,2.23,1569701111.0
6.57,2.63,1569701111.1
7.43,3.04,1569701111.2
8.28,3.46,1569701111.3
8.76,3.82,1569701111.4
9.22,4.26,1569701111.5
9.52,4.76,1569701111.6
9.57,5.16,1569701111.7
9.78,5.51,1569701111.8
9.81,5.75,1569701111.9
10.09,5.90,1569701112.0
10.18,5.88,1569701112.1
10.35,5.65,1569701112.2
10.71,5.34,1569701112.3
10.93,5.04,1569701112.4
11.24,4.74,1569701112.5
11.50,4.49,1569701112.6
11.95,4.25,1569701112.7
12.38,4.06,1569701112.8
12.79,3.90,1569701112.9
13.17,3.79,1569701113.0
13.53,3.57,1569701113.1
13.84,3.35,1569701113.2
14.10,3.15,1569701113.3
14.31,2.96,1569701113.4
14.43,2.75,1569701113.5
14.58,2.55,1569701113.6
14.71,2.45,1569701113.7
14.75,2.37,1569701113.8
14.74,2.35,1569701113.9
14.79,2.30,1569701114.0
14.80,2.27,1569701114.1
14.73,2.24,1569701114.2
14.67,2.26,1569701114.3
14.62,2.24,1569701114.4
14.49,2.21,1569701114.5
14.25,2.19,1569701114.6
14.01,2.18,1569701114.7
13.78,2.16,1569701114.8
13.54,2.15,1569701114.9
13.30,2.13,1569701115.0
13.07,2.11,1569701115.1
12.83,2.09,1569701115.2
12.59,2.08,1569701115.3
12.36,2.06,1569701115.4
12.12,2.05,1569701115.5
11.88,2.03,1569701115.6
11.64,2.01,1569701115.7
11.41,2.00,1569701115.8
11.17,1.98,1569701115.9
10.94,1.97,1569701116.0
10.70,1.95,1569701116.1
10.47,1.93,1569701116.2
10.22,1.92,1569701116.3
9.99,1.90,1569701116.4
9.75,1.88,1569701116.5
9.52,1.86,1569701116.6
9.28,1.85,1569701116.7
9.04,1.83,1569701116.8
8.80,1.82,1569701116.9
8.57,1.80,1569701117.0
8.33,1.78,1569701117.1
8.10,1.77,1569701117.2
7.86,1.75,1569701117.3
7.62,1.74,1569701117.4
7.38,1.72,1569701117.5
7.15,1.70,1569701117.6
6.91,1.69,1569701117.7
6.68,1.67,1569701117.8
6.44,1.65,1569701117.9
6.20,1.63,1569701118.0
5.97,1.62,1569701118.1
5.73,1.60,1569701118.2
5.49,1.59,1569701118.3
5.26,1.57,1569701118.4
5.02,1.55,1569701118.5
4.78,1.54,1569701118.6
4.55,1.52,1569701118.7
4.31,1.51,1569701118.8
4.07,1.49,1569701118.9
3.84,1.47,1569701119.0
3.60,1.46,1569701119.1
3.36,1.44,1569701119.2
3.13,1.42,1569701119.3
2.89,1.40,1569701119.4
2.65,1.39,1569701119.5
2.27,1.38,1569701119.6
1.91,1.38,1569701119.7
1.58,1.38,1569701119.8
1.28,1.38,1569701119.9
1.02,1.39,1569701120.0
0.79,1.39,1569701120.1
0.74,1.39,1569701120.2
0.71,1.39,1569701120.3
0.68,1.39,1569701120.4
0.64,1.39,1569701120.5
0.61,1.39,1569701120.6
0.58,1.39,1569701120.7
0.54,1.38,1569701120.8
0.51,1.38,1569701120.9
0.48,1.38,1569701121.0
0.45,1.38,1569701121.1
0.42,1.39,1569701121.2
0.39,1.40,1569701121.3
0.43,1.41,1569701121.4
0.51,1.45,1569701121.5
0.69,1.47,1569701121.6
1.05,1.48,1569701121.7
1.65,1.48,1569701121.8
2.39,1.54,1569701121.9
3.16,1.60,1569701122.0
4.26,1.70,1569701122.1
5.42,1.89,1569701122.2
6.50,2.12,1569701122.3
7.46,2.49,1569701122.4
8.54,2.82,1569701122.5
9.70,3.14,1569701122.6
10.58,3.40,1569701122.7
11.49,3.65,1569701122.8
12.55,3.84,1569701122.9
13.75,3.91,1569701123.0
14.82,3.96,1569701123.1
15.90,3.95,1569701123.2
17.16,3.90,1569701123.3
18.41,3.75,1569701123.4
19.54,3.56,1569701123.5
20.56,3.28,1569701123.6
21.48,3.04,1569701123.7
22.28,2.79,1569701123.8
22.85,2.62,1569701123.9
23.31,2.51,1569701124.0
23.62,2.51,1569701124.1
23.83,2.63,1569701124.2
23.97,2.67,1569701124.3
24.13,2.72,1569701124.4
24.19,2.82,1569701124.5
24.29,2.79,1569701124.6
24.34,2.76,1569701124.7
24.31,2.68,1569701124.8
24.40,2.64,1569701124.9
24.39,2.59,1569701125.0
24.41,2.49,1569701125.1
24.33,2.47,1569701125.2
24.18,2.38,1569701125.3
24.03,2.29,1569701125.4
23.74,2.18,1569701125.5
23.42,2.06,1569701125.6
23.11,1.96,1569701125.7
22.79,1.90,1569701125.8
22.56,1.91,1569701125.9
22.45,1.86,1569701126.0
22.44,1.83,1569701126.1
22.47,1.88,1569701126.2
22.47,1.89,1569701126.3
22.47,1.88,1569701126.4
22.50,1.85,1569701126.5
22.49,1.89,1569701126.6
22.44,1.94,1569701126.7
22.43,1.94,1569701126.8
22.49,1.96,1569701126.9
22.54,2.02,1569701127.0
22.56,2.06,1569701127.1
22.48,2.15,1569701127.2
22.45,2.15,1569701127.3
22.38,2.13,1569701127.4
22.30,2.15,1569701127.5
22.27,2.17,1569701127.6
22.28,2.13,1569701127.7
22.31,2.02,1569701127.8
22.40,2.02,1569701127.9
22.51,2.10,1569701128.0
22.60,2.18,1569701128.1
22.81,2.23,1569701128.2
23.06,2.33,1569701128.3
23.39,2.48,1569701128.4
23.69,2.54,1569701128.5
24.00,2.54,1569701128.6
24.23,2.47,1569701128.7
24.36,2.48,1569701128.8
24.36,2.38,1569701128.9
24.29,2.29,1569701129.0
24.09,2.28,1569701129.1
23.82,2.35,1569701129.2
23.52,2.46,1569701129.3
23.13,2.56,1569701129.4
22.69,2.80,1569701129.5
22.15,3.00,1569701129.6
21.54,3.30,1569701129.7
20.85,3.63,1569701129.8
20.15,3.96,1569701129.9
19.45,4.20,1569701130.0
18.77,4.42,1569701130.1
17.82,4.61,1569701130.2
17.23,4.74,1569701130.3
16.76,4.77,1569701130.4
16.48,4.76,1569701130.5
16.30,4.80,1569701130.6
16.21,4.77,1569701130.7
16.47,4.82,1569701130.8
16.53,4.81,1569701130.9
16.54,4.77,1569701131.0
16.37,4.76,1569701131.1
16.06,4.72,1569701131.2
15.63,4.70,1569701131.3
15.30,4.55,1569701131.4
14.81,4.41,1569701131.5
14.30,4.27,1569701131.6
13.95,4.07,1569701131.7
13.67,3.93,1569701131.8
13.41,3.77,1569701131.9
13.03,3.71,1569701132.0
12.88,3.67,1569701132.1
12.70,3.68,1569701132.2
12.40,3.77,1569701132.3
12.00,3.78,1569701132.4
11.68,3.90,1569701132.5
11.30,3.98,1569701132.6
10.66,3.95,1569701132.7
10.14,4.07,1569701132.8
9.59,4.14,1569701132.9
9.08,4.24,1569701133.0
8.45,4.24,1569701133.1
7.81,4.27,1569701133.2
7.06,4.28,1569701133.3
6.43,4.33,1569701133.4
5.81,4.38,1569701133.5
5.32,4.42,1569701133.6
4.93,4.52,1569701133.7
4.49,4.64,1569701133.8
4.31,4.84,1569701133.9
4.02,4.89,1569701134.0
3.86,4.89,1569701134.1
3.63,4.92,1569701134.2
3.48,4.90,1569701134.3
3.50,4.88,1569701134.4
3.53,4.86,1569701134.5
3.55,4.82,1569701134.6
3.67,4.84,1569701134.7
3.79,4.90,1569701134.8
4.04,4.99,1569701134.9
4.46,4.99,1569701135.0
5.05,4.98,1569701135.1
5.77,5.03,1569701135.2
6.43,5.05,1569701135.3
7.41,5.02,1569701135.4
8.41,5.00,1569701135.5
9.43,5.08,1569701135.6
10.48,5.17,1569701135.7
11.58,5.20,1569701135.8
12.76,5.20,1569701135.9
13.85,5.26,1569701136.0
15.02,5.35,1569701136.1
16.16,5.34,1569701136.2
17.19,5.39,1569701136.3
18.12,5.49,1569701136.4
18.87,5.66,1569701136.5
19.45,5.80,1569701136.6
19.78,5.92,1569701136.7
19.89,6.13,1569701136.8
19.94,6.30,1569701136.9
19.91,6.40,1569701137.0
19.88,6.40,1569701137.1
19.82,6.36,1569701137.2
19.72,6.21,1569701137.3
19.71,6.03,1569701137.4
19.68,5.90,1569701137.5
19.55,5.78,1569701137.6
19.43,5.72,1569701137.7
19.29,5.65,1569701137.8
19.19,5.60,1569701137.9
19.04,5.49,1569701138.0
18.95,5.34,1569701138.1
18.94,5.12,1569701138.2
18.90,4.94,1569701138.3
18.86,4.74,1569701138.4
18.84,4.63,1569701138.5
18.87,4.57,1569701138.6
18.86,4.51,1569701138.7
18.84,4.54,1569701138.8
18.87,4.50,1569701138.9
18.91,4.50,1569701139.0
18.90,4.52,1569701139.1
18.92,4.55,1569701139.2
18.96,4.63,1569701139.3
19.01,4.77,1569701139.4
19.11,5.02,1569701139.5
19.22,5.30,1569701139.6
19.41,5.69,1569701139.7
19.61,6.06,1569701139.8
19.85,6.38,1569701139.9
20.05,6.58,1569701140.0
20.10,6.70,1569701140.1
20.04,6.81,1569701140.2
19.98,6.70,1569701140.3
19.90,6.66,1569701140.4
19.73,6.66,1569701140.5
19.47,6.64,1569701140.6
19.28,6.62,1569701140.7
19.12,6.55,1569701140.8
18.77,6.44,1569701140.9
18.34,6.16,1569701141.0
17.86,5.79,1569701141.1
17.33,5.37,1569701141.2
16.71,4.83,1569701141.3
16.07,4.26,1569701141.4
15.44,3.80,1569701141.5
14.78,3.43,1569701141.6
14.11,3.13,1569701141.7
13.33,2.85,1569701141.8
12.78,2.79,1569701141.9
12.15,2.87,1569701142.0
11.58,2.96,1569701142.1
10.96,3.05,1569701142.2
10.38,3.11,1569701142.3
9.84,3.31,1569701142.4
9.11,3.34,1569701142.5
8.52,3.39,1569701142.6
7.87,3.42,1569701142.7
7.26,3.48,1569701142.8
6.60,3.62,1569701142.9
6.07,3.75,1569701143.0
5.55,3.90,1569701143.1
4.97,4.03,1569701143.2
4.47,4.21,1569701143.3
4.07,4.36,1569701143.4
3.83,4.47,1569701143.5
3.62,4.46,1569701143.6
3.39,4.48,1569701143.7
3.31,4.51,1569701143.8
3.17,4.43,1569701143.9
3.06,4.33,1569701144.0
3.21,4.24,1569701144.1
3.45,4.22,1569701144.2
3.82,4.12,1569701144.3
4.29,3.91,1569701144.4
5.00,3.76,1569701144.5
5.95,3.74,1569701144.6
6.65,3.66,1569701144.7
7.44,3.55,1569701144.8
8.38,3.52,1569701144.9
9.21,3.64,1569701145.0
10.06,3.72,1569701145.1
10.88,3.79,1569701145.2
11.94,3.95,1569701145.3
12.99,4.18,1569701145.4
14.11,4.50,1569701145.5
15.27,4.76,1569701145.6
16.35,5.10,1569701145.7
17.13,5.42,1569701145.8
17.76,5.71,1569701145.9
18.07,5.92,1569701146.0
18.19,6.07,1569701146.1
18.08,6.26,1569701146.2
17.97,6.53,1569701146.3
17.88,6.74,1569701146.4
17.70,6.92,1569701146.5
17.68,7.10,1569701146.6
17.59,7.24,1569701146.7
17.70,7.27,1569701146.8
17.69,7.13,1569701146.9
17.78,6.96,1569701147.0
17.82,6.73,1569701147.1
17.89,6.55,1569701147.2
17.99,6.41,1569701147.3
18.17,6.31,1569701147.4
18.32,6.21,1569701147.5
18.42,6.09,1569701147.6
18.49,6.01,1569701147.7
18.48,5.89,1569701147.8
18.47,5.69,1569701147.9
18.35,5.43,1569701148.0
18.25,5.17,1569701148.1
18.13,4.94,1569701148.2
18.08,4.72,1569701148.3
18.03,4.52,1569701148.4
18.03,4.40,1569701148.5
17.95,4.31,1569701148.6
17.99,4.28,1569701148.7
18.04,4.27,1569701148.8
18.02,4.27,1569701148.9
18.05,4.24,1569701149.0
18.05,4.25,1569701149.1
18.05,4.24,1569701149.2
18.02,4.26,1569701149.3
17.97,4.29,1569701149.4
17.98,4.31,1569701149.5
17.96,4.40,1569701149.6
17.93,4.51,1569701149.7
18.06,4.74,1569701149.8
18.15,4.98,1569701149.9
18.29,5.30,1569701150.0
18.42,5.74,1569701150.1
18.69,6.22,1569701150.2
19.11,6.69,1569701150.3
19.34,6.98,1569701150.4
19.49,7.15,1569701150.5
19.55,7.19,1569701150.6
19.57,7.11,1569701150.7
19.52,7.01,1569701150.8
19.26,6.88,1569701150.9
18.98,6.80,1569701151.0
18.71,6.71,1569701151.1
18.57,6.61,1569701151.2
18.36,6.42,1569701151.3
17.98,6.09,1569701151.4
17.56,5.66,1569701151.5
17.03,5.28,1569701151.6
16.46,4.95,1569701151.7
15.72,4.63,1569701151.8
14.95,4.40,1569701151.9
14.26,4.31,1569701152.0
13.53,4.37,1569701152.1
12.84,4.46,1569701152.2
12.10,4.57,1569701152.3
11.27,4.73,1569701152.4
10.43,4.94,1569701152.5
9.53,5.04,1569701152.6
8.63,5.11,1569701152.7
7.83,5.18,1569701152.8
7.05,5.30,1569701152.9
6.40,5.45,1569701153.0
6.07,5.48,1569701153.1
5.69,5.53,1569701153.2
5.45,5.49,1569701153.3
5.12,5.44,1569701153.4
4.97,5.40,1569701153.5
4.90,5.34,1569701153.6
4.65,5.33,1569701153.7
4.41,5.34,1569701153.8
4.05,5.40,1569701153.9
3.72,5.39,1569701154.0
3.48,5.16,1569701154.1
3.01,5.11,1569701154.2
2.62,5.04,1569701154.3
2.46,5.04,1569701154.4
2.48,5.02,1569701154.5
2.63,4.96,1569701154.6
2.66,5.17,1569701154.7
2.91,5.24,1569701154.8
3.08,5.33,1569701154.9
3.15,5.34,1569701155.0
3.19,5.32,1569701155.1
3.20,5.29,1569701155.2
3.16,5.17,1569701155.3
3.26,5.05,1569701155.4
3.44,4.96,1569701155.5
3.61,4.86,1569701155.6
3.80,4.82,1569701155.7
3.97,4.92,1569701155.8
4.12,4.99,1569701155.9
4.13,4.98,1569701156.0
4.23,5.01,1569701156.1
4.43,5.10,1569701156.2
4.79,5.16,1569701156.3
5.29,5.19,1569701156.4
5.96,5.28,1569701156.5
6.80,5.37,1569701156.6
7.70,5.41,1569701156.7
8.67,5.40,1569701156.8
9.71,5.48,1569701156.9
10.79,5.55,1569701157.0
11.95,5.54,1569701157.1
13.04,5.69,1569701157.2
14.26,5.81,1569701157.3
15.41,5.97,1569701157.4
16.37,6.04,1569701157.5
17.35,6.17,1569701157.6
18.05,6.39,1569701157.7
18.65,6.45,1569701157.8
18.99,6.66,1569701157.9
19.18,6.79,1569701158.0
19.24,6.97,1569701158.1
19.12,7.08,1569701158.2
18.95,7.09,1569701158.3
18.81,7.09,1569701158.4
18.64,7.01,1569701158.5
18.37,6.97,1569701158.6
18.24,6.87,1569701158.7
18.08,6.70,1569701158.8
18.01,6.60,1569701158.9
17.95,6.47,1569701159.0
17.86,6.25,1569701159.1
17.92,6.04,1569701159.2
17.97,5.86,1569701159.3
18.01,5.70,1569701159.4
18.09,5.51,1569701159.5
18.12,5.34,1569701159.6
18.15,5.16,1569701159.7
18.14,4.93,1569701159.8
18.10,4.67,1569701159.9
18.17,4.46,1569701160.0
18.13,4.33,1569701160.1
18.14,4.21,1569701160.2
18.12,4.14,1569701160.3
18.14,4.10,1569701160.4
18.15,4.13,1569701160.5
18.10,4.17,1569701160.6
18.13,4.24,1569701160.7
18.14,4.43,1569701160.8
18.21,4.64,1569701160.9
18.32,4.86,1569701161.0
18.45,5.14,1569701161.1
18.63,5.41,1569701161.2
18.76,5.46,1569701161.3
18.93,5.37,1569701161.4
19.04,5.33,1569701161.5
19.02,5.21,1569701161.6
18.93,4.97,1569701161.7
18.72,4.76,1569701161.8
18.50,4.77,1569701161.9
18.04,4.70,1569701162.0
17.46,4.61,1569701162.1
16.83,4.59,1569701162.2
16.14,4.60,1569701162.3
15.35,4.56,1569701162.4
14.46,4.42,1569701162.5
13.64,4.45,1569701162.6
12.86,4.56,1569701162.7
12.07,4.50,1569701162.8
11.25,4.47,1569701162.9
10.47,4.46,1569701163.0
9.57,4.50,1569701163.1
8.73,4.49,1569701163.2
7.70,4.26,1569701163.3
6.71,4.24,1569701163.4
6.00,4.23,1569701163.5
5.35,4.26,1569701163.6
4.94,4.30,1569701163.7
4.50,4.31,1569701163.8
4.29,4.48,1569701163.9
4.24,4.55,1569701164.0
3.98,4.64,1569701164.1
3.97,4.82,1569701164.2
3.74,4.94,1569701164.3
3.56,5.07,1569701164.4
3.44,5.14,1569701164.5
3.31,5.29,1569701164.6
3.20,5.36,1569701164.7
2.98,5.30,1569701164.8
2.95,5.26,1569701164.9
2.81,5.10,1569701165.0
2.81,4.98,1569701165.1
2.82,4.81,1569701165.2
2.89,4.60,1569701165.3
2.92,4.43,1569701165.4
3.21,4.44,1569701165.5
3.48,4.41,1569701165.6
3.47,4.35,1569701165.7
3.36,4.31,1569701165.8
3.62,4.41,1569701165.9
3.91,4.44,1569701166.0
4.13,4.33,1569701166.1
4.57,4.30,1569701166.2
5.46,4.34,1569701166.3
6.56,4.34,1569701166.4
7.48,4.16,1569701166.5
8.47,4.12,1569701166.6
9.47,4.08,1569701166.7
10.70,4.12,1569701166.8
11.80,4.16,1569701166.9
12.92,4.29,1569701167.0
14.08,4.52,1569701167.1
15.35,4.64,1569701167.2
16.52,4.73,1569701167.3
17.48,4.76,1569701167.4
18.24,4.74,1569701167.5
18.83,4.70,1569701167.6
19.26,4.75,1569701167.7
19.48,4.82,1569701167.8
19.69,4.90,1569701167.9
19.89,5.10,1569701168.0
19.99,5.25,1569701168.1
20.12,5.39,1569701168.2
20.08,5.45,1569701168.3
19.94,5.44,1569701168.4
19.84,5.44,1569701168.5
19.59,5.36,1569701168.6
19.44,5.30,1569701168.7
19.23,5.20,1569701168.8
19.11,5.06,1569701168.9
19.16,5.01,1569701169.0
19.10,4.89,1569701169.1
19.16,4.80,1569701169.2
19.22,4.66,1569701169.3
19.22,4.49,1569701169.4
19.26,4.41,1569701169.5
19.15,4.28,1569701169.6
19.13,4.22,1569701169.7
19.13,4.13,1569701169.8
19.08,4.08,1569701169.9
19.09,4.08,1569701170.0
19.12,4.07,1569701170.1
19.17,4.10,1569701170.2
19.20,4.11,1569701170.3
19.25,4.20,1569701170.4
19.32,4.32,1569701170.5
19.48,4.54,1569701170.6
19.62,4.75,1569701170.7
19.70,4.87,1569701170.8
19.74,4.94,1569701170.9
19.74,4.89,1569701171.0
19.79,4.88,1569701171.1
19.67,4.79,1569701171.2
19.70,4.67,1569701171.3
19.67,4.65,1569701171.4
19.55,4.59,1569701171.5
19.41,4.60,1569701171.6
19.23,4.52,1569701171.7
19.11,4.31,1569701171.8
18.87,4.18,1569701171.9
18.64,4.04,1569701172.0
18.50,4.00,1569701172.1
18.31,3.94,1569701172.2
18.03,3.97,1569701172.3
17.69,4.05,1569701172.4
17.24,4.14,1569701172.5
16.79,4.15,1569701172.6
16.26,4.16,1569701172.7
15.80,4.16,1569701172.8
15.44,4.16,1569701172.9
15.07,4.18,1569701173.0
14.75,4.14,1569701173.1
14.51,4.10,1569701173.2
14.33,4.05,1569701173.3
14.04,4.00,1569701173.4
13.73,3.91,1569701173.5
13.38,3.86,1569701173.6
13.00,3.76,1569701173.7
12.56,3.75,1569701173.8
12.11,3.71,1569701173.9
11.59,3.62,1569701174.0
10.98,3.55,1569701174.1
10.44,3.41,1569701174.2
9.83,3.28,1569701174.3
9.31,3.09,1569701174.4
8.66,2.90,1569701174.5
8.09,2.72,1569701174.6
7.50,2.53,1569701174.7
6.92,2.31,1569701174.8
6.19,2.12,1569701174.9
5.44,1.94,1569701175.0
4.73,1.78,1569701175.1
4.14,1.70,1569701175.2
3.70,1.60,1569701175.3
3.19,1.60,1569701175.4
2.92,1.61,1569701175.5
2.55,1.64,1569701175.6
2.27,1.68,1569701175.7
1.96,1.65,1569701175.8
1.55,1.62,1569701175.9
1.21,1.57,1569701176.0
0.95,1.57,1569701176.1
0.84,1.59,1569701176.2
0.80,1.59,1569701176.3
0.84,1.64,1569701176.4
1.02,1.76,1569701176.5
1.26,1.87,1569701176.6
1.52,2.00,1569701176.7
1.79,2.13,1569701176.8
2.06,2.28,1569701176.9
2.33,2.44,1569701177.0
2.60,2.59,1569701177.1
2.87,2.74,1569701177.2
3.14,2.90,1569701177.3
3.41,3.05,1569701177.4
3.68,3.20,1569701177.5
3.94,3.36,1569701177.6
4.21,3.51,1569701177.7
4.48,3.67,1569701177.8
4.75,3.82,1569701177.9
5.02,3.98,1569701178.0
5.29,4.13,1569701178.1
5.56,4.29,1569701178.2
5.83,4.44,1569701178.3
6.10,4.59,1569701178.4
6.37,4.75,1569701178.5
6.64,4.90,1569701178.6
6.91,5.05,1569701178.7
7.18,5.21,1569701178.8
7.44,5.36,1569701178.9
7.71,5.52,1569701179.0
7.98,5.67,1569701179.1
8.25,5.83,1569701179.2
8.52,5.98,1569701179.3
8.79,6.13,1569701179.4
9.06,6.29,1569701179.5
9.33,6.44,1569701179.6
9.60,6.59,1569701179.7
9.87,6.75,1569701179.8
10.14,6.90,1569701179.9
10.41,7.06,1569701180.0
10.68,7.21,1569701180.1
10.94,7.37,1569701180.2
11.21,7.52,1569701180.3
11.48,7.67,1569701180.4
11.75,7.83,1569701180.5
12.02,7.98,1569701180.6
12.29,8.14,1569701180.7
12.56,8.29,1569701180.8
12.83,8.44,1569701180.9
13.10,8.60,1569701181.0
13.37,8.75,1569701181.1
13.64,8.91,1569701181.2
13.91,9.06,1569701181.3
14.18,9.22,1569701181.4
14.45,9.37,1569701181.5
14.72,9.52,1569701181.6
14.99,9.68,1569701181.7
15.26,9.83,1569701181.8
15.53,9.98,1569701181.9
15.73,10.08,1569701182.0
15.72,10.18,1569701182.1
15.67,10.17,1569701182.2
15.49,10.09,1569701182.3
15.17,9.88,1569701182.4
15.00,9.70,1569701182.5
14.91,9.55,1569701182.6
14.99,9.42,1569701182.7
15.15,9.23,1569701182.8
15.60,8.99,1569701182.9
16.35,8.74,1569701183.0
17.01,8.38,1569701183.1
17.70,8.00,1569701183.2
18.45,7.48,1569701183.3
19.20,7.03,1569701183.4
19.74,6.58,1569701183.5
20.24,6.23,1569701183.6
20.79,5.95,1569701183.7
21.49,5.68,1569701183.8
22.00,5.32,1569701183.9
22.51,4.87,1569701184.0
23.02,4.53,1569701184.1
23.40,4.08,1569701184.2
23.56,3.66,1569701184.3
23.57,3.18,1569701184.4
23.75,2.87,1569701184.5
23.94,2.70,1569701184.6
24.15,2.44,1569701184.7
24.25,2.26,1569701184.8
24.48,1.98,1569701184.9
24.46,1.85,1569701185.0
24.37,1.76,1569701185.1
24.29,1.71,1569701185.2
24.09,1.74,1569701185.3
23.97,1.73,1569701185.4
23.71,1.77,1569701185.5
23.58,1.72,1569701185.6
23.40,1.65,1569701185.7
23.13,1.54,1569701185.8
22.97,1.45,1569701185.9
22.79,1.42,1569701186.0
22.69,1.40,1569701186.1
22.61,1.41,1569701186.2
22.55,1.39,1569701186.3
22.53,1.39,1569701186.4
22.50,1.38,1569701186.5
22.50,1.38,1569701186.6
22.49,1.33,1569701186.7
22.49,1.32,1569701186.8
22.47,1.32,1569701186.9
22.49,1.33,1569701187.0
22.53,1.30,1569701187.1
22.55,1.28,1569701187.2
22.56,1.35,1569701187.3
22.58,1.39,1569701187.4
22.60,1.41,1569701187.5
22.53,1.39,1569701187.6
22.51,1.42,1569701187.7
22.48,1.45,1569701187.8
22.45,1.44,1569701187.9
22.44,1.43,1569701188.0
22.49,1.41,1569701188.1
22.57,1.43,1569701188.2
22.59,1.42,1569701188.3
22.67,1.42,1569701188.4
22.84,1.42,1569701188.5
23.02,1.41,1569701188.6
23.25,1.44,1569701188.7
23.51,1.44,1569701188.8
23.84,1.47,1569701188.9
24.42,1.51,1569701189.0
24.78,1.49,1569701189.1
25.15,1.46,1569701189.2
25.43,1.42,1569701189.3
25.69,1.39,1569701189.4
25.90,1.33,1569701189.5
25.81,1.22,1569701189.6
25.86,1.22,1569701189.7
25.81,1.23,1569701189.8
25.75,1.28,1569701189.9
25.60,1.39,1569701190.0
25.40,1.54,1569701190.1
25.21,1.84,1569701190.2
25.07,2.15,1569701190.3
24.84,2.53,1569701190.4
24.59,2.87,1569701190.5
24.41,3.32,1569701190.6
24.24,3.77,1569701190.7
24.11,4.13,1569701190.8
23.74,4.40,1569701190.9
23.32,4.61,1569701191.0
22.90,4.80,1569701191.1
22.38,4.84,1569701191.2
21.92,4.98,1569701191.3
21.39,5.10,1569701191.4
21.09,5.33,1569701191.5
20.90,5.67,1569701191.6
20.68,6.09,1569701191.7
20.52,6.52,1569701191.8
20.29,6.81,1569701191.9
20.08,7.08,1569701192.0
19.80,7.24,1569701192.1
19.59,7.28,1569701192.2
19.43,7.25,1569701192.3
19.28,7.19,1569701192.4
19.15,7.10,1569701192.5
19.02,7.01,1569701192.6
18.89,6.91,1569701192.7
18.76,6.83,1569701192.8
18.63,6.73,1569701192.9
18.50,6.64,1569701193.0
18.38,6.55,1569701193.1
18.24,6.46,1569701193.2
18.11,6.37,1569701193.3
17.99,6.28,1569701193.4
17.86,6.18,1569701193.5
17.73,6.09,1569701193.6
17.60,6.00,1569701193.7
17.47,5.91,1569701193.8
17.34,5.82,1569701193.9
17.21,5.73,1569701194.0
17.08,5.64,1569701194.1
16.95,5.55,1569701194.2
16.82,5.45,1569701194.3
16.69,5.37,1569701194.4
16.56,5.27,1569701194.5
16.44,5.18,1569701194.6
16.31,5.09,1569701194.7
16.18,5.00,1569701194.8
16.05,4.91,1569701194.9
15.92,4.82,1569701195.0
15.79,4.73,1569701195.1
15.66,4.64,1569701195.2
15.53,4.55,1569701195.3
15.40,4.45,1569701195.4
15.27,4.37,1569701195.5
15.15,4.27,1569701195.6
15.01,4.18,1569701195.7
14.88,4.09,1569701195.8
14.76,4.00,1569701195.9
14.63,3.91,1569701196.0
14.50,3.82,1569701196.1
14.37,3.72,1569701196.2
14.24,3.64,1569701196.3
14.11,3.54,1569701196.4
13.98,3.45,1569701196.5
13.85,3.36,1569701196.6
13.72,3.27,1569701196.7
13.59,3.18,1569701196.8
13.47,3.09,1569701196.9
13.33,3.00,1569701197.0
13.21,2.91,1569701197.1
13.08,2.81,1569701197.2
12.95,2.72,1569701197.3
12.82,2.63,1569701197.4
12.69,2.54,1569701197.5
12.56,2.45,1569701197.6
12.43,2.36,1569701197.7
12.30,2.27,1569701197.8
12.17,2.18,1569701197.9
12.04,2.08,1569701198.0
11.92,1.99,1569701198.1
11.78,1.90,1569701198.2
11.65,1.81,1569701198.3
11.55,1.72,1569701198.4
11.46,1.65,1569701198.5
11.40,1.58,1569701198.6
11.36,1.52,1569701198.7
11.34,1.47,1569701198.8
11.35,1.43,1569701198.9
11.35,1.39,1569701199.0
11.40,1.34,1569701199.1
11.54,1.33,1569701199.2
11.77,1.29,1569701199.3
12.10,1.25,1569701199.4
12.47,1.25,1569701199.5
12.86,1.26,1569701199.6
13.28,1.27,1569701199.7
13.69,1.25,1569701199.8
14.08,1.33,1569701199.9
14.51,1.49,1569701200.0
14.90,1.73,1569701200.1
15.35,2.05,1569701200.2
15.83,2.44,1569701200.3
16.16,2.83,1569701200.4
16.50,3.14,1569701200.5
16.66,3.43,1569701200.6
16.94,3.73,1569701200.7
17.13,3.93,1569701200.8
17.21,4.07,1569701200.9
17.31,4.30,1569701201.0
17.32,4.57,1569701201.1
17.36,4.86,1569701201.2
17.26,5.17,1569701201.3
17.15,5.64,1569701201.4
17.07,6.17,1569701201.5
17.03,6.67,1569701201.6
17.02,7.23,1569701201.7
17.05,7.71,1569701201.8
17.06,8.09,1569701201.9
17.04,8.40,1569701202.0
16.86,8.79,1569701202.1
16.69,9.12,1569701202.2
16.51,9.41,1569701202.3
16.31,9.82,1569701202.4
16.25,10.24,1569701202.5
16.30,10.60,1569701202.6
16.40,10.75,1569701202.7
16.40,11.01,1569701202.8
16.39,11.13,1569701202.9
16.34,10.95,1569701203.0
16.14,10.70,1569701203.1
15.83,10.32,1569701203.2
15.51,9.91,1569701203.3
15.17,9.30,1569701203.4
14.81,8.70,1569701203.5
14.36,8.22,1569701203.6
14.00,7.63,1569701203.7
13.64,7.01,1569701203.8
13.41,6.44,1569701203.9
13.23,5.82,1569701204.0
13.13,5.20,1569701204.1
13.01,4.74,1569701204.2
12.97,4.35,1569701204.3
12.95,4.07,1569701204.4
12.99,3.84,1569701204.5
13.05,3.75,1569701204.6
13.15,3.66,1569701204.7
13.37,3.48,1569701204.8
13.55,3.27,1569701204.9
13.76,3.05,1569701205.0
13.91,2.81,1569701205.1
14.08,2.56,1569701205.2
14.25,2.39,1569701205.3
14.36,2.20,1569701205.4
14.41,2.07,1569701205.5
14.44,1.99,1569701205.6
14.38,1.94,1569701205.7
14.49,1.99,1569701205.8
14.48,2.03,1569701205.9
14.46,2.06,1569701206.0
14.44,2.06,1569701206.1
14.52,2.17,1569701206.2
14.64,2.26,1569701206.3
14.57,2.23,1569701206.4
14.54,2.22,1569701206.5
14.55,2.25,1569701206.6
14.64,2.39,1569701206.7
14.51,2.35,1569701206.8
14.43,2.31,1569701206.9
14.41,2.35,1569701207.0
14.41,2.31,1569701207.1
14.32,2.32,1569701207.2
14.11,2.30,1569701207.3
13.89,2.42,1569701207.4
13.50,2.67,1569701207.5
13.04,2.91,1569701207.6
12.32,3.27,1569701207.7
11.63,3.62,1569701207.8
10.96,3.86,1569701207.9
10.34,4.04,1569701208.0
9.88,4.21,1569701208.1
9.46,4.28,1569701208.2
9.38,4.26,1569701208.3
9.47,4.18,1569701208.4
9.76,4.16,1569701208.5
10.27,4.15,1569701208.6
10.82,4.04,1569701208.7
11.46,3.95,1569701208.8
12.13,3.78,1569701208.9
12.73,3.55,1569701209.0
13.22,3.36,1569701209.1
13.68,3.06,1569701209.2
13.97,2.77,1569701209.3
14.21,2.46,1569701209.4
14.44,2.37,1569701209.5
14.64,2.30,1569701209.6
14.77,2.21,1569701209.7
14.79,2.18,1569701209.8
14.84,2.14,1569701209.9
14.91,2.18,1569701210.0
14.93,2.12,1569701210.1
14.94,2.09,1569701210.2
14.99,2.09,1569701210.3
15.00,2.08,1569701210.4
15.04,2.03,1569701210.5
14.94,1.98,1569701210.6
14.94,2.03,1569701210.7
14.90,2.07,1569701210.8
14.88,2.13,1569701210.9
14.78,2.18,1569701211.0
14.68,2.27,1569701211.1
14.63,2.48,1569701211.2
14.33,2.64,1569701211.3
13.95,2.83,1569701211.4
13.42,3.01,1569701211.5
12.84,3.32,1569701211.6
12.09,3.64,1569701211.7
11.15,3.86,1569701211.8
10.20,4.14,1569701211.9
9.35,4.39,1569701212.0
8.58,4.66,1569701212.1
7.89,4.79,1569701212.2
7.37,4.79,1569701212.3
7.07,4.77,1569701212.4
6.93,4.71,1569701212.5
6.76,4.68,1569701212.6
6.71,4.64,1569701212.7
6.86,4.79,1569701212.8
7.29,5.12,1569701212.9
7.78,5.50,1569701213.0
8.31,5.90,1569701213.1
8.92,6.35,1569701213.2
9.59,6.85,1569701213.3
10.03,7.11,1569701213.4
10.26,7.40,1569701213.5
10.29,7.77,1569701213.6
10.34,8.10,1569701213.7
10.18,8.45,1569701213.8
9.78,8.84,1569701213.9
9.45,9.36,1569701214.0
9.18,9.84,1569701214.1
9.08,10.14,1569701214.2
8.91,10.48,1569701214.3
8.74,10.79,1569701214.4
8.65,11.19,1569701214.5
8.70,11.52,1569701214.6
8.68,11.90,1569701214.7
8.55,12.37,1569701214.8
8.42,12.81,1569701214.9
8.42,13.21,1569701215.0
8.42,13.39,1569701215.1
8.26,13.62,1569701215.2
7.97,13.79,1569701215.3
7.70,13.90,1569701215.4
7.38,13.95,1569701215.5
6.94,14.02,1569701215.6
6.43,14.07,1569701215.7
5.89,14.06,1569701215.8
5.54,13.99,1569701215.9
5.17,13.95,1569701216.0
4.78,13.91,1569701216.1
4.62,13.87,1569701216.2
4.60,13.88,1569701216.3
4.71,13.84,1569701216.4
4.79,13.88,1569701216.5
4.79,13.91,1569701216.6
4.89,13.93,1569701216.7
4.88,13.93,1569701216.8
4.85,13.92,1569701216.9
4.74,13.97,1569701217.0
4.56,13.98,1569701217.1
4.45,14.00,1569701217.2
4.26,14.06,1569701217.3
4.09,14.07,1569701217.4
3.94,14.04,1569701217.5
3.82,13.95,1569701217.6
3.74,13.94,1569701217.7
3.78,13.89,1569701217.7
3.93,13.85,1569701217.7
